{  "chain": {
    "mol1": {
      "fix_origin": false,
      "dna": false,
      "shape": false,
      "cg": false,
      "cyclicpept": false
    },
    "mol2": {
      "fix_origin": false,
      "dna": false,
      "shape": false,
      "cg": false,
      "cyclicpept": false
    },
    "mol3": {
      "fix_origin": false,
      "dna": false,
      "shape": false,
      "cg": false,
      "cyclicpept": false
    },
    "mol4": {
      "fix_origin": false,
      "dna": false,
      "shape": false,
      "cg": false,
      "cyclicpept": false
    }
  },
  "params": {
    "log_level": "verbose",
    "amb_cool1": 10,
    "amb_cool2": 50,
    "amb_cool3": 50,
    "amb_firstit": 0,
    "amb_hot": 10,
    "ambi_10": false,
    "ambi_11": false,
    "ambi_12": false,
    "ambi_13": false,
    "ambi_14": false,
    "ambi_15": false,
    "ambi_16": false,
    "ambi_17": false,
    "ambi_18": false,
    "ambi_19": false,
    "ambi_1": false,
    "ambi_20": false,
    "ambi_2": false,
    "ambi_3": false,
    "ambi_4": false,
    "ambi_5": false,
    "ambi_6": false,
    "ambi_7": false,
    "ambi_8": false,
    "ambi_9": false,
    "amb_lastit": 2,
    "anastruc_1": 200,
    "autohis": true,
    "c2sym_end1_1": "",
    "c2sym_end1_10": "",
    "c2sym_end1_2": "",
    "c2sym_end1_3": "",
    "c2sym_end1_4": "",
    "c2sym_end1_5": "",
    "c2sym_end1_6": "",
    "c2sym_end1_7": "",
    "c2sym_end1_8": "",
    "c2sym_end1_9": "",
    "c2sym_end2_1": "",
    "c2sym_end2_10": "",
    "c2sym_end2_2": "",
    "c2sym_end2_3": "",
    "c2sym_end2_4": "",
    "c2sym_end2_5": "",
    "c2sym_end2_6": "",
    "c2sym_end2_7": "",
    "c2sym_end2_8": "",
    "c2sym_end2_9": "",
    "c2sym_seg1_1": "",
    "c2sym_seg1_10": "",
    "c2sym_seg1_2": "",
    "c2sym_seg1_3": "",
    "c2sym_seg1_4": "",
    "c2sym_seg1_5": "",
    "c2sym_seg1_6": "",
    "c2sym_seg1_7": "",
    "c2sym_seg1_8": "",
    "c2sym_seg1_9": "",
    "c2sym_seg2_1": "",
    "c2sym_seg2_10": "",
    "c2sym_seg2_2": "",
    "c2sym_seg2_3": "",
    "c2sym_seg2_4": "",
    "c2sym_seg2_5": "",
    "c2sym_seg2_6": "",
    "c2sym_seg2_7": "",
    "c2sym_seg2_8": "",
    "c2sym_seg2_9": "",
    "c2sym_sta1_1": "",
    "c2sym_sta1_10": "",
    "c2sym_sta1_2": "",
    "c2sym_sta1_3": "",
    "c2sym_sta1_4": "",
    "c2sym_sta1_5": "",
    "c2sym_sta1_6": "",
    "c2sym_sta1_7": "",
    "c2sym_sta1_8": "",
    "c2sym_sta1_9": "",
    "c2sym_sta2_1": "",
    "c2sym_sta2_10": "",
    "c2sym_sta2_2": "",
    "c2sym_sta2_3": "",
    "c2sym_sta2_4": "",
    "c2sym_sta2_5": "",
    "c2sym_sta2_6": "",
    "c2sym_sta2_7": "",
    "c2sym_sta2_8": "",
    "c2sym_sta2_9": "",
    "c3sym_end1_1": "",
    "c3sym_end1_2": "",
    "c3sym_end2_1": "",
    "c3sym_end2_2": "",
    "c3sym_end3_1": "",
    "c3sym_end3_2": "",
    "c3sym_seg1_1": "",
    "c3sym_seg1_2": "",
    "c3sym_seg2_1": "",
    "c3sym_seg2_2": "",
    "c3sym_seg3_1": "",
    "c3sym_seg3_2": "",
    "c3sym_sta1_1": "",
    "c3sym_sta1_2": "",
    "c3sym_sta2_1": "",
    "c3sym_sta2_2": "",
    "c3sym_sta3_1": "",
    "c3sym_sta3_2": "",
    "c4sym_end1_1": "",
    "c4sym_end1_2": "",
    "c4sym_end2_1": "",
    "c4sym_end2_2": "",
    "c4sym_end3_1": "",
    "c4sym_end3_2": "",
    "c4sym_end4_1": "",
    "c4sym_end4_2": "",
    "c4sym_seg1_1": "",
    "c4sym_seg1_2": "",
    "c4sym_seg2_1": "",
    "c4sym_seg2_2": "",
    "c4sym_seg3_1": "",
    "c4sym_seg3_2": "",
    "c4sym_seg4_1": "",
    "c4sym_seg4_2": "",
    "c4sym_sta1_1": "",
    "c4sym_sta1_2": "",
    "c4sym_sta2_1": "",
    "c4sym_sta2_2": "",
    "c4sym_sta3_1": "",
    "c4sym_sta3_2": "",
    "c4sym_sta4_1": "",
    "c4sym_sta4_2": "",
    "c5sym_end1_1": "",
    "c5sym_end1_2": "",
    "c5sym_end2_1": "",
    "c5sym_end2_2": "",
    "c5sym_end3_1": "",
    "c5sym_end3_2": "",
    "c5sym_end4_1": "",
    "c5sym_end4_2": "",
    "c5sym_end5_1": "",
    "c5sym_end5_2": "",
    "c5sym_seg1_1": "",
    "c5sym_seg1_2": "",
    "c5sym_seg2_1": "",
    "c5sym_seg2_2": "",
    "c5sym_seg3_1": "",
    "c5sym_seg3_2": "",
    "c5sym_seg4_1": "",
    "c5sym_seg4_2": "",
    "c5sym_seg5_1": "",
    "c5sym_seg5_2": "",
    "c5sym_sta1_1": "",
    "c5sym_sta1_2": "",
    "c5sym_sta2_1": "",
    "c5sym_sta2_2": "",
    "c5sym_sta3_1": "",
    "c5sym_sta3_2": "",
    "c5sym_sta4_1": "",
    "c5sym_sta4_2": "",
    "c5sym_sta5_1": "",
    "c5sym_sta5_2": "",
    "c6sym_end1_1": "",
    "c6sym_end2_1": "",
    "c6sym_end3_1": "",
    "c6sym_end4_1": "",
    "c6sym_end5_1": "",
    "c6sym_end6_1": "",
    "c6sym_seg1_1": "",
    "c6sym_seg2_1": "",
    "c6sym_seg3_1": "",
    "c6sym_seg4_1": "",
    "c6sym_seg5_1": "",
    "c6sym_seg6_1": "",
    "c6sym_sta1_1": "",
    "c6sym_sta2_1": "",
    "c6sym_sta3_1": "",
    "c6sym_sta4_1": "",
    "c6sym_sta5_1": "",
    "c6sym_sta6_1": "",
    "centroid_kscale": 50.0,
    "centroid_rest": false,
    "cleanup": true,
    "clust_cutoff": 0.60,
    "clust_meth": "FCC",
    "clust_size": 4,
    "cmrest": false,
    "cmtight": false,
    "cns_exe_9": "",
    "cool1_steps": 500,
    "cool2_steps": 1000,
    "cool3_steps": 1000,
    "crossdock": true,
    "dan_anis_1": 1.557,
    "dan_anis_2": -1.35,
    "dan_anis_3": -1.35,
    "dan_anis_4": -1.35,
    "dan_anis_5": -1.35,
    "dan_choice_1": "DANI",
    "dan_choice_2": "NO",
    "dan_choice_3": "NO",
    "dan_choice_4": "NO",
    "dan_choice_5": "NO",
    "dan_cool1_1": 5,
    "dan_cool1_2": 5,
    "dan_cool1_3": 5,
    "dan_cool1_4": 5,
    "dan_cool1_5": 5,
    "dan_cool2_1": 10,
    "dan_cool2_2": 10,
    "dan_cool2_3": 10,
    "dan_cool2_4": 10,
    "dan_cool2_5": 10,
    "dan_cool3_1": 10,
    "dan_cool3_2": 10,
    "dan_cool3_3": 10,
    "dan_cool3_4": 10,
    "dan_cool3_5": 10,
    "dan_firstIt_1": 0,
    "dan_firstIt_2": 0,
    "dan_firstIt_3": 1,
    "dan_firstIt_4": 0,
    "dan_firstIt_5": 0,
    "dan_hot_1": 1,
    "dan_hot_2": 1,
    "dan_hot_3": 1,
    "dan_hot_4": 1,
    "dan_hot_5": 1,
    "dan_lastIt_1": 2,
    "dan_lastIt_2": 1,
    "dan_lastIt_3": 1,
    "dan_lastIt_4": 2,
    "dan_lastIt_5": 2,
    "dan_r_1": 0.455,
    "dan_r_2": 0.308,
    "dan_r_3": 0.308,
    "dan_r_4": 0.308,
    "dan_r_5": 0.308,
    "dan_tc_1": 9.771,
    "dan_tc_2": 9.84,
    "dan_tc_3": 9.84,
    "dan_tc_4": 9.84,
    "dan_tc_5": 9.84,
    "dan_wh_1": 599.91,
    "dan_wh_2": 599.91,
    "dan_wh_3": 599.91,
    "dan_wh_4": 599.91,
    "dan_wh_5": 599.91,
    "dan_wn_1": 60.82,
    "dan_wn_2": 60.82,
    "dan_wn_3": 60.82,
    "dan_wn_4": 60.82,
    "dan_wn_5": 60.82,
    "db_method": "kytedoolittle",
    "dielec_0": "rdie",
    "dielec_1": "rdie",
    "dihedrals_cool1": 5,
    "dihedrals_cool2": 50,
    "dihedrals_cool3": 200,
    "dihedrals_hot": 5,
    "dihedrals_on": false,
    "dist_hb": 2.5,
    "dist_nb": 3.9,
    "dnap_water_tokeep": 0.75,
    "dnarest_on": false,
    "elecflag_0": true,
    "elecflag_1": true,
    "em_it0": true,
    "em_it1": true,
    "em_itw": true,
    "em_kscale": 15000,
    "em_resolution": 10.0,
    "em_rest": false,
    "emstepstrans": 1000,
    "end_fle_10_1": "",
    "end_fle_10_2": "",
    "end_fle_10_3": "",
    "end_fle_10_4": "",
    "end_fle_10_5": "",
    "end_fle_1_1": "",
    "end_fle_11_1": "",
    "end_fle_11_2": "",
    "end_fle_11_3": "",
    "end_fle_11_4": "",
    "end_fle_11_5": "",
    "end_fle_1_2": "",
    "end_fle_12_1": "",
    "end_fle_12_2": "",
    "end_fle_12_3": "",
    "end_fle_12_4": "",
    "end_fle_12_5": "",
    "end_fle_1_3": "",
    "end_fle_13_1": "",
    "end_fle_13_2": "",
    "end_fle_13_3": "",
    "end_fle_13_4": "",
    "end_fle_13_5": "",
    "end_fle_1_4": "",
    "end_fle_14_1": "",
    "end_fle_14_2": "",
    "end_fle_14_3": "",
    "end_fle_14_4": "",
    "end_fle_14_5": "",
    "end_fle_1_5": "",
    "end_fle_15_1": "",
    "end_fle_15_2": "",
    "end_fle_15_3": "",
    "end_fle_15_4": "",
    "end_fle_15_5": "",
    "end_fle_16_1": "",
    "end_fle_16_2": "",
    "end_fle_16_3": "",
    "end_fle_16_4": "",
    "end_fle_16_5": "",
    "end_fle_17_1": "",
    "end_fle_17_2": "",
    "end_fle_17_3": "",
    "end_fle_17_4": "",
    "end_fle_17_5": "",
    "end_fle_18_1": "",
    "end_fle_18_2": "",
    "end_fle_18_3": "",
    "end_fle_18_4": "",
    "end_fle_18_5": "",
    "end_fle_19_1": "",
    "end_fle_19_2": "",
    "end_fle_19_3": "",
    "end_fle_19_4": "",
    "end_fle_19_5": "",
    "end_fle_20_1": "",
    "end_fle_20_2": "",
    "end_fle_20_3": "",
    "end_fle_20_4": "",
    "end_fle_20_5": "",
    "end_fle_2_1": "",
    "end_fle_2_2": "",
    "end_fle_2_3": "",
    "end_fle_2_4": "",
    "end_fle_2_5": "",
    "end_fle_3_1": "",
    "end_fle_3_2": "",
    "end_fle_3_3": "",
    "end_fle_3_4": "",
    "end_fle_3_5": "",
    "end_fle_4_1": "",
    "end_fle_4_2": "",
    "end_fle_4_3": "",
    "end_fle_4_4": "",
    "end_fle_4_5": "",
    "end_fle_5_1": "",
    "end_fle_5_2": "",
    "end_fle_5_3": "",
    "end_fle_5_4": "",
    "end_fle_5_5": "",
    "end_fle_6_1": "",
    "end_fle_6_2": "",
    "end_fle_6_3": "",
    "end_fle_6_4": "",
    "end_fle_6_5": "",
    "end_fle_7_1": "",
    "end_fle_7_2": "",
    "end_fle_7_3": "",
    "end_fle_7_4": "",
    "end_fle_7_5": "",
    "end_fle_8_1": "",
    "end_fle_8_2": "",
    "end_fle_8_3": "",
    "end_fle_8_4": "",
    "end_fle_8_5": "",
    "end_fle_9_1": "",
    "end_fle_9_2": "",
    "end_fle_9_3": "",
    "end_fle_9_4": "",
    "end_fle_9_5": "",
    "end_seg_1": "",
    "end_seg_10": "",
    "end_seg_10_1": "",
    "end_seg_10_10": "",
    "end_seg_10_2": "",
    "end_seg_10_3": "",
    "end_seg_10_4": "",
    "end_seg_10_5": "",
    "end_seg_10_6": "",
    "end_seg_10_7": "",
    "end_seg_10_8": "",
    "end_seg_10_9": "",
    "end_seg_1_1": "",
    "end_seg_1_10": "",
    "end_seg_11_1": "",
    "end_seg_11_10": "",
    "end_seg_11_2": "",
    "end_seg_11_3": "",
    "end_seg_11_4": "",
    "end_seg_11_5": "",
    "end_seg_11_6": "",
    "end_seg_11_7": "",
    "end_seg_11_8": "",
    "end_seg_11_9": "",
    "end_seg_1_2": "",
    "end_seg_12_1": "",
    "end_seg_12_10": "",
    "end_seg_12_2": "",
    "end_seg_12_3": "",
    "end_seg_12_4": "",
    "end_seg_12_5": "",
    "end_seg_12_6": "",
    "end_seg_12_7": "",
    "end_seg_12_8": "",
    "end_seg_12_9": "",
    "end_seg_1_3": "",
    "end_seg_13_1": "",
    "end_seg_13_10": "",
    "end_seg_13_2": "",
    "end_seg_13_3": "",
    "end_seg_13_4": "",
    "end_seg_13_5": "",
    "end_seg_13_6": "",
    "end_seg_13_7": "",
    "end_seg_13_8": "",
    "end_seg_13_9": "",
    "end_seg_1_4": "",
    "end_seg_14_1": "",
    "end_seg_14_10": "",
    "end_seg_14_2": "",
    "end_seg_14_3": "",
    "end_seg_14_4": "",
    "end_seg_14_5": "",
    "end_seg_14_6": "",
    "end_seg_14_7": "",
    "end_seg_14_8": "",
    "end_seg_14_9": "",
    "end_seg_1_5": "",
    "end_seg_15_1": "",
    "end_seg_15_10": "",
    "end_seg_15_2": "",
    "end_seg_15_3": "",
    "end_seg_15_4": "",
    "end_seg_15_5": "",
    "end_seg_15_6": "",
    "end_seg_15_7": "",
    "end_seg_15_8": "",
    "end_seg_15_9": "",
    "end_seg_1_6": "",
    "end_seg_16_1": "",
    "end_seg_16_10": "",
    "end_seg_16_2": "",
    "end_seg_16_3": "",
    "end_seg_16_4": "",
    "end_seg_16_5": "",
    "end_seg_16_6": "",
    "end_seg_16_7": "",
    "end_seg_16_8": "",
    "end_seg_16_9": "",
    "end_seg_1_7": "",
    "end_seg_17_1": "",
    "end_seg_17_10": "",
    "end_seg_17_2": "",
    "end_seg_17_3": "",
    "end_seg_17_4": "",
    "end_seg_17_5": "",
    "end_seg_17_6": "",
    "end_seg_17_7": "",
    "end_seg_17_8": "",
    "end_seg_17_9": "",
    "end_seg_1_8": "",
    "end_seg_18_1": "",
    "end_seg_18_10": "",
    "end_seg_18_2": "",
    "end_seg_18_3": "",
    "end_seg_18_4": "",
    "end_seg_18_5": "",
    "end_seg_18_6": "",
    "end_seg_18_7": "",
    "end_seg_18_8": "",
    "end_seg_18_9": "",
    "end_seg_1_9": "",
    "end_seg_19_1": "",
    "end_seg_19_10": "",
    "end_seg_19_2": "",
    "end_seg_19_3": "",
    "end_seg_19_4": "",
    "end_seg_19_5": "",
    "end_seg_19_6": "",
    "end_seg_19_7": "",
    "end_seg_19_8": "",
    "end_seg_19_9": "",
    "end_seg_2": "",
    "end_seg_20_1": "",
    "end_seg_20_10": "",
    "end_seg_20_2": "",
    "end_seg_20_3": "",
    "end_seg_20_4": "",
    "end_seg_20_5": "",
    "end_seg_20_6": "",
    "end_seg_20_7": "",
    "end_seg_20_8": "",
    "end_seg_20_9": "",
    "end_seg_2_1": "",
    "end_seg_2_10": "",
    "end_seg_2_2": "",
    "end_seg_2_3": "",
    "end_seg_2_4": "",
    "end_seg_2_5": "",
    "end_seg_2_6": "",
    "end_seg_2_7": "",
    "end_seg_2_8": "",
    "end_seg_2_9": "",
    "end_seg_3": "",
    "end_seg_3_1": "",
    "end_seg_3_10": "",
    "end_seg_3_2": "",
    "end_seg_3_3": "",
    "end_seg_3_4": "",
    "end_seg_3_5": "",
    "end_seg_3_6": "",
    "end_seg_3_7": "",
    "end_seg_3_8": "",
    "end_seg_3_9": "",
    "end_seg_4": "",
    "end_seg_4_1": "",
    "end_seg_4_10": "",
    "end_seg_4_2": "",
    "end_seg_4_3": "",
    "end_seg_4_4": "",
    "end_seg_4_5": "",
    "end_seg_4_6": "",
    "end_seg_4_7": "",
    "end_seg_4_8": "",
    "end_seg_4_9": "",
    "end_seg_5": "",
    "end_seg_5_1": "",
    "end_seg_5_10": "",
    "end_seg_5_2": "",
    "end_seg_5_3": "",
    "end_seg_5_4": "",
    "end_seg_5_5": "",
    "end_seg_5_6": "",
    "end_seg_5_7": "",
    "end_seg_5_8": "",
    "end_seg_5_9": "",
    "end_seg_6": "",
    "end_seg_7": "",
    "end_seg_7_1": "",
    "end_seg_7_10": "",
    "end_seg_7_2": "",
    "end_seg_7_3": "",
    "end_seg_7_4": "",
    "end_seg_7_5": "",
    "end_seg_7_6": "",
    "end_seg_7_7": "",
    "end_seg_7_8": "",
    "end_seg_7_9": "",
    "end_seg_8": "",
    "end_seg_8_1": "",
    "end_seg_8_10": "",
    "end_seg_8_2": "",
    "end_seg_8_3": "",
    "end_seg_8_4": "",
    "end_seg_8_5": "",
    "end_seg_8_6": "",
    "end_seg_8_7": "",
    "end_seg_8_8": "",
    "end_seg_8_9": "",
    "end_seg_9": "",
    "end_seg_9_1": "",
    "end_seg_9_10": "",
    "end_seg_9_2": "",
    "end_seg_9_3": "",
    "end_seg_9_4": "",
    "end_seg_9_5": "",
    "end_seg_9_6": "",
    "end_seg_9_7": "",
    "end_seg_9_8": "",
    "end_seg_9_9": "",
    "epsilon_0": 10.0,
    "epsilon_1": 1.0,
    "error_dih": 10,
    "expand": false,
    "expansion": 0.2,
    "fcc_ignc": false,
    "fin_bor_cool1_1": 40.0,
    "fin_bor_cool1_2": 40.0,
    "fin_bor_cool1_3": 40.0,
    "fin_bor_cool1_4": 40.0,
    "fin_bor_cool1_5": 40.0,
    "fin_bor_cool2_1": 40.0,
    "fin_bor_cool2_2": 40.0,
    "fin_bor_cool2_3": 40.0,
    "fin_bor_cool2_4": 40.0,
    "fin_bor_cool2_5": 40.0,
    "fin_bor_cool3_1": 40.0,
    "fin_bor_cool3_2": 40.0,
    "fin_bor_cool3_3": 40.0,
    "fin_bor_cool3_4": 40.0,
    "fin_bor_cool3_5": 40.0,
    "fin_bor_hot_1": 10.0,
    "fin_bor_hot_2": 10.0,
    "fin_bor_hot_3": 10.0,
    "fin_bor_hot_4": 10.0,
    "fin_bor_hot_5": 10.0,
    "fin_cen_cool1_1": 10.0,
    "fin_cen_cool1_2": 10.0,
    "fin_cen_cool1_3": 10.0,
    "fin_cen_cool1_4": 10.0,
    "fin_cen_cool1_5": 10.0,
    "fin_cen_cool2_1": 10.0,
    "fin_cen_cool2_2": 10.0,
    "fin_cen_cool2_3": 10.0,
    "fin_cen_cool2_4": 10.0,
    "fin_cen_cool2_5": 10.0,
    "fin_cen_cool3_1": 10.0,
    "fin_cen_cool3_2": 10.0,
    "fin_cen_cool3_3": 10.0,
    "fin_cen_cool3_4": 10.0,
    "fin_cen_cool3_5": 10.0,
    "fin_cen_hot_1": 2.5,
    "fin_cen_hot_2": 2.5,
    "fin_cen_hot_3": 2.5,
    "fin_cen_hot_4": 2.5,
    "fin_cen_hot_5": 2.5,
    "fin_cool2": 1.0,
    "fin_cool3": 1.0,
    "fin_rigid": 0.001,
    "firstwater": "yes",
    "hbond_cool1": 10,
    "hbond_cool2": 50,
    "hbond_cool3": 50,
    "hbond_firstit": 1,
    "hbond_hot": 10,
    "hbond_lastit": 2,
    "hbonds_on": false,
    "ini_bor_cool1_1": 10.0,
    "ini_bor_cool1_2": 10.0,
    "ini_bor_cool1_3": 10.0,
    "ini_bor_cool1_4": 10.0,
    "ini_bor_cool1_5": 10.0,
    "ini_bor_cool2_1": 40.0,
    "ini_bor_cool2_2": 40.0,
    "ini_bor_cool2_3": 40.0,
    "ini_bor_cool2_4": 40.0,
    "ini_bor_cool2_5": 40.0,
    "ini_bor_cool3_1": 40.0,
    "ini_bor_cool3_2": 40.0,
    "ini_bor_cool3_3": 40.0,
    "ini_bor_cool3_4": 40.0,
    "ini_bor_cool3_5": 40.0,
    "ini_bor_hot_1": 1.0,
    "ini_bor_hot_2": 1.0,
    "ini_bor_hot_3": 1.0,
    "ini_bor_hot_4": 1.0,
    "ini_bor_hot_5": 1.0,
    "ini_cen_cool1_1": 2.5,
    "ini_cen_cool1_2": 2.5,
    "ini_cen_cool1_3": 2.5,
    "ini_cen_cool1_4": 2.5,
    "ini_cen_cool1_5": 2.5,
    "ini_cen_cool2_1": 10.0,
    "ini_cen_cool2_2": 10.0,
    "ini_cen_cool2_3": 10.0,
    "ini_cen_cool2_4": 10.0,
    "ini_cen_cool2_5": 10.0,
    "ini_cen_cool3_1": 10.0,
    "ini_cen_cool3_2": 10.0,
    "ini_cen_cool3_3": 10.0,
    "ini_cen_cool3_4": 10.0,
    "ini_cen_cool3_5": 10.0,
    "ini_cen_hot_1": 0.25,
    "ini_cen_hot_2": 0.25,
    "ini_cen_hot_3": 0.25,
    "ini_cen_hot_4": 0.25,
    "ini_cen_hot_5": 0.25,
    "iniseed": 42,
    "init_cool2": 0.001,
    "init_cool3": 0.05,
    "initiosteps": 500,
    "init_rigid": 0.001,
    "int_10_10": 1.0,
    "int_10_11": 1.0,
    "int_10_12": 1.0,
    "int_10_13": 1.0,
    "int_10_14": 1.0,
    "int_10_15": 1.0,
    "int_10_16": 1.0,
    "int_10_17": 1.0,
    "int_10_18": 1.0,
    "int_10_19": 1.0,
    "int_10_1": "N.A.",
    "int_10_20": 1.0,
    "int_10_2": "N.A.",
    "int_10_3": "N.A.",
    "int_10_4": "N.A.",
    "int_10_5": "N.A.",
    "int_10_6": "N.A.",
    "int_10_7": "N.A.",
    "int_10_8": "N.A.",
    "int_10_9": "N.A.",
    "int_1_10": 1.0,
    "int_1_1": 1.0,
    "int_11_10": "N.A.",
    "int_1_11": 1.0,
    "int_11_11": 1.0,
    "int_11_12": 1.0,
    "int_11_13": 1.0,
    "int_11_14": 1.0,
    "int_11_15": 1.0,
    "int_11_16": 1.0,
    "int_11_17": 1.0,
    "int_11_18": 1.0,
    "int_11_19": 1.0,
    "int_11_1": "N.A.",
    "int_11_20": 1.0,
    "int_1_12": 1.0,
    "int_11_2": "N.A.",
    "int_1_13": 1.0,
    "int_11_3": "N.A.",
    "int_1_14": 1.0,
    "int_11_4": "N.A.",
    "int_1_15": 1.0,
    "int_11_5": "N.A.",
    "int_1_16": 1.0,
    "int_11_6": "N.A.",
    "int_1_17": 1.0,
    "int_11_7": "N.A.",
    "int_1_18": 1.0,
    "int_11_8": "N.A.",
    "int_1_19": 1.0,
    "int_11_9": "N.A.",
    "int_1_20": 1.0,
    "int_1_2": 1.0,
    "int_12_10": "N.A.",
    "int_12_11": "N.A.",
    "int_12_12": 1.0,
    "int_12_13": 1.0,
    "int_12_14": 1.0,
    "int_12_15": 1.0,
    "int_12_16": 1.0,
    "int_12_17": 1.0,
    "int_12_18": 1.0,
    "int_12_19": 1.0,
    "int_12_1": "N.A.",
    "int_12_20": 1.0,
    "int_12_2": "N.A.",
    "int_12_3": "N.A.",
    "int_12_4": "N.A.",
    "int_12_5": "N.A.",
    "int_12_6": "N.A.",
    "int_12_7": "N.A.",
    "int_12_8": "N.A.",
    "int_12_9": "N.A.",
    "int_1_3": 1.0,
    "int_13_10": "N.A.",
    "int_13_11": "N.A.",
    "int_13_12": "N.A.",
    "int_13_13": 1.0,
    "int_13_14": 1.0,
    "int_13_15": 1.0,
    "int_13_16": 1.0,
    "int_13_17": 1.0,
    "int_13_18": 1.0,
    "int_13_19": 1.0,
    "int_13_1": "N.A.",
    "int_13_20": 1.0,
    "int_13_2": "N.A.",
    "int_13_3": "N.A.",
    "int_13_4": "N.A.",
    "int_13_5": "N.A.",
    "int_13_6": "N.A.",
    "int_13_7": "N.A.",
    "int_13_8": "N.A.",
    "int_13_9": "N.A.",
    "int_1_4": 1.0,
    "int_14_10": "N.A.",
    "int_14_11": "N.A.",
    "int_14_12": "N.A.",
    "int_14_13": "N.A.",
    "int_14_14": 1.0,
    "int_14_15": 1.0,
    "int_14_16": 1.0,
    "int_14_17": 1.0,
    "int_14_18": 1.0,
    "int_14_19": 1.0,
    "int_14_1": "N.A.",
    "int_14_20": 1.0,
    "int_14_2": "N.A.",
    "int_14_3": "N.A.",
    "int_14_4": "N.A.",
    "int_14_5": "N.A.",
    "int_14_6": "N.A.",
    "int_14_7": "N.A.",
    "int_14_8": "N.A.",
    "int_14_9": "N.A.",
    "int_1_5": 1.0,
    "int_15_10": "N.A.",
    "int_15_11": "N.A.",
    "int_15_12": "N.A.",
    "int_15_13": "N.A.",
    "int_15_14": "N.A.",
    "int_15_15": 1.0,
    "int_15_16": 1.0,
    "int_15_17": 1.0,
    "int_15_18": 1.0,
    "int_15_19": 1.0,
    "int_15_20": 1.0,
    "int_15_2": "N.A.",
    "int_15_3": "N.A.",
    "int_15_4": "N.A.",
    "int_15_5": "N.A.",
    "int_15_6": "N.A.",
    "int_15_7": "N.A.",
    "int_15_8": "N.A.",
    "int_15_9": "N.A.",
    "int_1_6": 1.0,
    "int_16_10": "N.A.",
    "int_16_11": "N.A.",
    "int_16_12": "N.A.",
    "int_16_13": "N.A.",
    "int_16_14": "N.A.",
    "int_16_15": "N.A.",
    "int_16_16": 1.0,
    "int_16_17": 1.0,
    "int_16_18": 1.0,
    "int_16_19": 1.0,
    "int_16_1": "N.A.",
    "int_16_20": 1.0,
    "int_16_2": "N.A.",
    "int_16_3": "N.A.",
    "int_16_4": "N.A.",
    "int_16_5": "N.A.",
    "int_16_6": "N.A.",
    "int_16_7": "N.A.",
    "int_16_8": "N.A.",
    "int_16_9": "N.A.",
    "int_1_7": 1.0,
    "int_17_10": "N.A.",
    "int_17_11": "N.A.",
    "int_17_12": "N.A.",
    "int_17_13": "N.A.",
    "int_17_14": "N.A.",
    "int_17_15": "N.A.",
    "int_17_16": "N.A.",
    "int_17_17": 1.0,
    "int_17_18": 1.0,
    "int_17_19": 1.0,
    "int_17_1": "N.A.",
    "int_17_20": 1.0,
    "int_17_2": "N.A.",
    "int_17_3": "N.A.",
    "int_17_4": "N.A.",
    "int_17_5": "N.A.",
    "int_17_6": "N.A.",
    "int_17_7": "N.A.",
    "int_17_8": "N.A.",
    "int_17_9": "N.A.",
    "int_1_8": 1.0,
    "int_18_10": "N.A.",
    "int_18_11": "N.A.",
    "int_18_12": "N.A.",
    "int_18_13": "N.A.",
    "int_18_14": "N.A.",
    "int_18_15": "N.A.",
    "int_18_16": "N.A.",
    "int_18_17": "N.A.",
    "int_18_18": 1.0,
    "int_18_19": 1.0,
    "int_18_1": "N.A.",
    "int_18_20": 1.0,
    "int_18_2": "N.A.",
    "int_18_3": "N.A.",
    "int_18_4": "N.A.",
    "int_18_5": "N.A.",
    "int_18_6": "N.A.",
    "int_18_7": "N.A.",
    "int_18_8": "N.A.",
    "int_18_9": "N.A.",
    "int_1_9": 1.0,
    "int_19_10": "N.A.",
    "int_19_11": "N.A.",
    "int_19_12": "N.A.",
    "int_19_13": "N.A.",
    "int_19_14": "N.A.",
    "int_19_15": "N.A.",
    "int_19_16": "N.A.",
    "int_19_17": "N.A.",
    "int_19_18": "N.A.",
    "int_19_19": 1.0,
    "int_19_1": "N.A.",
    "int_19_20": 1.0,
    "int_19_2": "N.A.",
    "int_19_3": "N.A.",
    "int_19_4": "N.A.",
    "int_19_5": "N.A.",
    "int_19_6": "N.A.",
    "int_19_7": "N.A.",
    "int_19_8": "N.A.",
    "int_19_9": "N.A.",
    "int_20_10": "N.A.",
    "int_20_11": "N.A.",
    "int_20_12": "N.A.",
    "int_20_13": "N.A.",
    "int_20_14": "N.A.",
    "int_20_15": "N.A.",
    "int_20_16": "N.A.",
    "int_20_17": "N.A.",
    "int_20_18": "N.A.",
    "int_20_19": "N.A.",
    "int_20_1": "N.A.",
    "int_20_20": 1.0,
    "int_20_2": "N.A.",
    "int_20_3": "N.A.",
    "int_20_4": "N.A.",
    "int_20_5": "N.A.",
    "int_20_6": "N.A.",
    "int_20_7": "N.A.",
    "int_20_8": "N.A.",
    "int_20_9": "N.A.",
    "int_2_10": 1.0,
    "int_2_11": 1.0,
    "int_2_12": 1.0,
    "int_2_13": 1.0,
    "int_2_14": 1.0,
    "int_2_15": 1.0,
    "int_2_16": 1.0,
    "int_2_17": 1.0,
    "int_2_18": 1.0,
    "int_2_19": 1.0,
    "int_2_1": "N.A.",
    "int_2_20": 1.0,
    "int_2_2": 1.0,
    "int_2_3": 1.0,
    "int_2_4": 1.0,
    "int_2_5": 1.0,
    "int_2_6": 1.0,
    "int_2_7": 1.0,
    "int_2_8": 1.0,
    "int_2_9": 1.0,
    "int_3_10": 1.0,
    "int_3_11": 1.0,
    "int_3_12": 1.0,
    "int_3_13": 1.0,
    "int_3_14": 1.0,
    "int_3_15": 1.0,
    "int_3_16": 1.0,
    "int_3_17": 1.0,
    "int_3_18": 1.0,
    "int_3_19": 1.0,
    "int_3_1": "N.A.",
    "int_3_20": 1.0,
    "int_3_2": "N.A.",
    "int_3_3": 1.0,
    "int_3_4": 1.0,
    "int_3_5": 1.0,
    "int_3_6": 1.0,
    "int_3_7": 1.0,
    "int_3_8": 1.0,
    "int_3_9": 1.0,
    "int_4_10": 1.0,
    "int_4_11": 1.0,
    "int_4_12": 1.0,
    "int_4_13": 1.0,
    "int_4_14": 1.0,
    "int_4_15": 1.0,
    "int_4_16": 1.0,
    "int_4_17": 1.0,
    "int_4_18": 1.0,
    "int_4_19": 1.0,
    "int_4_1": "N.A.",
    "int_4_20": 1.0,
    "int_4_2": "N.A.",
    "int_4_3": "N.A.",
    "int_4_4": 1.0,
    "int_4_5": 1.0,
    "int_4_6": 1.0,
    "int_4_7": 1.0,
    "int_4_8": 1.0,
    "int_4_9": 1.0,
    "int_5_10": 1.0,
    "int_5_11": 1.0,
    "int_5_12": 1.0,
    "int_5_13": 1.0,
    "int_5_14": 1.0,
    "int_5_15": 1.0,
    "int_5_16": 1.0,
    "int_5_17": 1.0,
    "int_5_18": 1.0,
    "int_5_19": 1.0,
    "int_5_1": "N.A.",
    "int_5_20": 1.0,
    "int_5_2": "N.A.",
    "int_5_3": "N.A.",
    "int_5_4": "N.A.",
    "int_5_5": 1.0,
    "int_5_6": 1.0,
    "int_5_7": 1.0,
    "int_5_8": 1.0,
    "int_5_9": 1.0,
    "int_6_10": 1.0,
    "int_6_11": 1.0,
    "int_6_12": 1.0,
    "int_6_13": 1.0,
    "int_6_14": 1.0,
    "int_6_15": 1.0,
    "int_6_16": 1.0,
    "int_6_17": 1.0,
    "int_6_18": 1.0,
    "int_6_19": 1.0,
    "int_6_1": "N.A.",
    "int_6_20": 1.0,
    "int_6_2": "N.A.",
    "int_6_3": "N.A.",
    "int_6_4": "N.A.",
    "int_6_5": "N.A.",
    "int_6_6": 1.0,
    "int_6_7": 1.0,
    "int_6_8": 1.0,
    "int_6_9": 1.0,
    "int_7_10": 1.0,
    "int_7_11": 1.0,
    "int_7_12": 1.0,
    "int_7_13": 1.0,
    "int_7_14": 1.0,
    "int_7_15": 1.0,
    "int_7_16": 1.0,
    "int_7_17": 1.0,
    "int_7_18": 1.0,
    "int_7_19": 1.0,
    "int_7_1": "N.A.",
    "int_7_20": 1.0,
    "int_7_2": "N.A.",
    "int_7_3": "N.A.",
    "int_7_4": "N.A.",
    "int_7_5": "N.A.",
    "int_7_6": "N.A.",
    "int_7_7": 1.0,
    "int_7_8": 1.0,
    "int_7_9": 1.0,
    "int_8_10": 1.0,
    "int_8_11": 1.0,
    "int_8_12": 1.0,
    "int_8_13": 1.0,
    "int_8_14": 1.0,
    "int_8_15": 1.0,
    "int_8_16": 1.0,
    "int_8_17": 1.0,
    "int_8_18": 1.0,
    "int_8_19": 1.0,
    "int_8_1": "N.A.",
    "int_8_20": 1.0,
    "int_8_2": "N.A.",
    "int_8_3": "N.A.",
    "int_8_4": "N.A.",
    "int_8_5": "N.A.",
    "int_8_6": "N.A.",
    "int_8_7": "N.A.",
    "int_8_8": 1.0,
    "int_8_9": 1.0,
    "int_9_10": 1.0,
    "int_9_11": 1.0,
    "int_9_12": 1.0,
    "int_9_13": 1.0,
    "int_9_14": 1.0,
    "int_9_15": 1.0,
    "int_9_16": 1.0,
    "int_9_17": 1.0,
    "int_9_18": 1.0,
    "int_9_19": 1.0,
    "int_9_1": "N.A.",
    "int_9_20": 1.0,
    "int_9_2": "N.A.",
    "int_9_3": "N.A.",
    "int_9_4": "N.A.",
    "int_9_5": "N.A.",
    "int_9_6": "N.A.",
    "int_9_7": "N.A.",
    "int_9_8": "N.A.",
    "int_9_9": 1.0,
    "inter_rigid": 1.0,
    "kcont": 1.0,
    "keepwater": false,
    "kncs": 1.0,
    "krg_cool1": 100.0,
    "krg_cool2": 100.0,
    "krg_cool3": 100.0,
    "krg_hot": 100.0,
    "ksurf": 1.0,
    "ksym": 10.0,
    "kzres": 10.0,
    "ncs_end1_1": "",
    "ncs_end1_2": "",
    "ncs_end1_3": "",
    "ncs_end1_4": "",
    "ncs_end1_5": "",
    "ncs_end2_1": "",
    "ncs_end2_2": "",
    "ncs_end2_3": "",
    "ncs_end2_4": "",
    "ncs_end2_5": "",
    "ncs_on": false,
    "ncs_seg1_1": "",
    "ncs_seg1_2": "",
    "ncs_seg1_3": "",
    "ncs_seg1_4": "",
    "ncs_seg1_5": "",
    "ncs_seg2_1": "",
    "ncs_seg2_2": "",
    "ncs_seg2_3": "",
    "ncs_seg2_4": "",
    "ncs_seg2_5": "",
    "ncs_sta1_1": "",
    "ncs_sta1_2": "",
    "ncs_sta1_3": "",
    "ncs_sta1_4": "",
    "ncs_sta1_5": "",
    "ncs_sta2_1": "",
    "ncs_sta2_2": "",
    "ncs_sta2_3": "",
    "ncs_sta2_4": "",
    "ncs_sta2_5": "",
    "ncvpart": 2,
    "nfle_1": 0,
    "nfle_10": 0,
    "nfle_11": 0,
    "nfle_12": 0,
    "nfle_13": 0,
    "nfle_14": 0,
    "nfle_15": 0,
    "nfle_16": 0,
    "nfle_17": 0,
    "nfle_18": 0,
    "nfle_19": 0,
    "nfle_2": 0,
    "nfle_20": 0,
    "nfle_3": 0,
    "nfle_4": 0,
    "nfle_5": 0,
    "nfle_6": 0,
    "nfle_7": 0,
    "nfle_8": 0,
    "nfle_9": 0,
    "noecv": false,
    "nseg_10": -1,
    "nseg_1": -1,
    "nseg_11": -1,
    "nseg_12": -1,
    "nseg_13": -1,
    "nseg_14": -1,
    "nseg_15": -1,
    "nseg_16": -1,
    "nseg_17": -1,
    "nseg_18": -1,
    "nseg_19": -1,
    "nseg_20": -1,
    "nseg_2": -1,
    "nseg_3": -1,
    "nseg_4": -1,
    "nseg_5": -1,
    "nseg_6": -1,
    "nseg_7": -1,
    "nseg_8": -1,
    "nseg_9": -1,
    "ntrials": 5,
    "numc2sym": 0,
    "numc3sym": 0,
    "numc4sym": 0,
    "numc5sym": 0,
    "numc6sym": 0,
    "numdani": 0,
    "numncs": 0,
    "numpcs": 0,
    "numrdc": 0,
    "nums3sym": 0,
    "numzres": 0,
    "nx": 32,
    "ny": 32,
    "nz": 32,
    "par_nonbonded": "OPLSX",
    "pcs_choice_10": "NO",
    "pcs_choice_1": "NO",
    "pcs_choice_2": "NO",
    "pcs_choice_3": "NO",
    "pcs_choice_4": "NO",
    "pcs_choice_5": "NO",
    "pcs_choice_6": "NO",
    "pcs_choice_7": "NO",
    "pcs_choice_8": "NO",
    "pcs_choice_9": "NO",
    "pcs_cool1_10": 100.0,
    "pcs_cool1_1": 100.0,
    "pcs_cool1_2": 100.0,
    "pcs_cool1_3": 100.0,
    "pcs_cool1_4": 100.0,
    "pcs_cool1_5": 100.0,
    "pcs_cool1_6": 100.0,
    "pcs_cool1_7": 100.0,
    "pcs_cool1_8": 100.0,
    "pcs_cool1_9": 100.0,
    "pcs_cool2_10": 100.0,
    "pcs_cool2_1": 100.0,
    "pcs_cool2_2": 100.0,
    "pcs_cool2_3": 100.0,
    "pcs_cool2_4": 100.0,
    "pcs_cool2_5": 100.0,
    "pcs_cool2_6": 100.0,
    "pcs_cool2_7": 100.0,
    "pcs_cool2_8": 100.0,
    "pcs_cool2_9": 100.0,
    "pcs_cool3_10": 100.0,
    "pcs_cool3_1": 100.0,
    "pcs_cool3_2": 100.0,
    "pcs_cool3_3": 100.0,
    "pcs_cool3_4": 100.0,
    "pcs_cool3_5": 100.0,
    "pcs_cool3_6": 100.0,
    "pcs_cool3_7": 100.0,
    "pcs_cool3_8": 100.0,
    "pcs_cool3_9": 100.0,
    "pcs_d_10": 10000,
    "pcs_d_1": 10000,
    "pcs_d_2": 10000,
    "pcs_d_3": 10000,
    "pcs_d_4": 10000,
    "pcs_d_5": 10000,
    "pcs_d_6": 10000,
    "pcs_d_7": 10000,
    "pcs_d_8": 10000,
    "pcs_d_9": 10000,
    "pcs_firstIt_1": 0,
    "pcs_firstIt_10": 0,
    "pcs_firstIt_2": 0,
    "pcs_firstIt_3": 0,
    "pcs_firstIt_4": 0,
    "pcs_firstIt_5": 0,
    "pcs_firstIt_6": 0,
    "pcs_firstIt_7": 0,
    "pcs_firstIt_8": 0,
    "pcs_firstIt_9": 0,
    "pcs_hot_10": 100.0,
    "pcs_hot_1": 100.0,
    "pcs_hot_2": 100.0,
    "pcs_hot_3": 100.0,
    "pcs_hot_4": 100.0,
    "pcs_hot_5": 100.0,
    "pcs_hot_6": 100.0,
    "pcs_hot_7": 100.0,
    "pcs_hot_8": 100.0,
    "pcs_hot_9": 100.0,
    "pcs_lastIt_10": 2,
    "pcs_lastIt_1": 2,
    "pcs_lastIt_2": 2,
    "pcs_lastIt_3": 2,
    "pcs_lastIt_4": 2,
    "pcs_lastIt_5": 2,
    "pcs_lastIt_6": 2,
    "pcs_lastIt_7": 2,
    "pcs_lastIt_8": 2,
    "pcs_lastIt_9": 2,
    "pcs_r_10": 1000,
    "pcs_r_1": 1000,
    "pcs_r_2": 1000,
    "pcs_r_3": 1000,
    "pcs_r_4": 1000,
    "pcs_r_5": 1000,
    "pcs_r_6": 1000,
    "pcs_r_7": 1000,
    "pcs_r_8": 1000,
    "pcs_r_9": 1000,
    "ranair": false,
    "randangle": 6,
    "randorien": true,
    "rdc_choice_1": "NO",
    "rdc_choice_2": "NO",
    "rdc_choice_3": "NO",
    "rdc_choice_4": "NO",
    "rdc_choice_5": "NO",
    "rdc_cool1_1": 0.02,
    "rdc_cool1_2": 0.2,
    "rdc_cool1_3": 0.2,
    "rdc_cool1_4": 1.0,
    "rdc_cool1_5": 1.0,
    "rdc_cool2_1": 0.2,
    "rdc_cool2_2": 1.0,
    "rdc_cool2_3": 1.0,
    "rdc_cool2_4": 1.0,
    "rdc_cool2_5": 1.0,
    "rdc_cool3_1": 0.2,
    "rdc_cool3_2": 1.0,
    "rdc_cool3_3": 1.0,
    "rdc_cool3_4": 1.0,
    "rdc_cool3_5": 1.0,
    "rdc_d_1": -11.49,
    "rdc_d_2": 8.0,
    "rdc_d_3": 8.0,
    "rdc_d_4": 8.0,
    "rdc_d_5": 8.0,
    "rdc_firstIt_1": 2,
    "rdc_firstIt_2": 0,
    "rdc_firstIt_3": 1,
    "rdc_firstIt_4": 0,
    "rdc_firstIt_5": 0,
    "rdc_hot_1": 0.001,
    "rdc_hot_2": 0.01,
    "rdc_hot_3": 0.01,
    "rdc_hot_4": 0.1,
    "rdc_hot_5": 0.1,
    "rdc_lastIt_1": 2,
    "rdc_lastIt_2": 1,
    "rdc_lastIt_3": 1,
    "rdc_lastIt_4": 2,
    "rdc_lastIt_5": 2,
    "rdc_r_1": 0.057,
    "rdc_r_2": 0.4,
    "rdc_r_3": 0.4,
    "rdc_r_4": 0.4,
    "rdc_r_5": 0.4,
    "rebuildcplx": false,
    "rgrest": false,
    "rgsele": "all",
    "rgtarg": 17.78,
    "rigidmini": true,
    "rigidtrans": true,
    "rotate180_it1": false,
    "runana": "cluster",
    "s3sym_end1_1": "",
    "s3sym_end1_2": "",
    "s3sym_end1_3": "",
    "s3sym_end1_4": "",
    "s3sym_end2_1": "",
    "s3sym_end2_2": "",
    "s3sym_end2_3": "",
    "s3sym_end2_4": "",
    "s3sym_end3_1": "",
    "s3sym_end3_2": "",
    "s3sym_end3_3": "",
    "s3sym_end3_4": "",
    "s3sym_seg1_1": "",
    "s3sym_seg1_2": "",
    "s3sym_seg1_3": "",
    "s3sym_seg1_4": "",
    "s3sym_seg2_1": "",
    "s3sym_seg2_2": "",
    "s3sym_seg2_3": "",
    "s3sym_seg2_4": "",
    "s3sym_seg3_1": "",
    "s3sym_seg3_2": "",
    "s3sym_seg3_3": "",
    "s3sym_seg3_4": "",
    "s3sym_sta1_1": "",
    "s3sym_sta1_2": "",
    "s3sym_sta1_3": "",
    "s3sym_sta1_4": "",
    "s3sym_sta2_1": "",
    "s3sym_sta2_2": "",
    "s3sym_sta2_3": "",
    "s3sym_sta2_4": "",
    "s3sym_sta3_1": "",
    "s3sym_sta3_2": "",
    "s3sym_sta3_3": "",
    "s3sym_sta3_4": "",
    "skip_struc": 0,
    "solvate_method": "db",
    "solvent": "water",
    "solvshell": false,
    "ssdihed": "none",
    "start_fle_10_1": "",
    "start_fle_10_2": "",
    "start_fle_10_3": "",
    "start_fle_10_4": "",
    "start_fle_10_5": "",
    "start_fle_1_1": "",
    "start_fle_11_1": "",
    "start_fle_11_2": "",
    "start_fle_11_3": "",
    "start_fle_11_4": "",
    "start_fle_11_5": "",
    "start_fle_1_2": "",
    "start_fle_12_1": "",
    "start_fle_12_2": "",
    "start_fle_12_3": "",
    "start_fle_12_4": "",
    "start_fle_12_5": "",
    "start_fle_1_3": "",
    "start_fle_13_1": "",
    "start_fle_13_2": "",
    "start_fle_13_3": "",
    "start_fle_13_4": "",
    "start_fle_13_5": "",
    "start_fle_1_4": "",
    "start_fle_14_1": "",
    "start_fle_14_2": "",
    "start_fle_14_3": "",
    "start_fle_14_4": "",
    "start_fle_14_5": "",
    "start_fle_1_5": "",
    "start_fle_15_1": "",
    "start_fle_15_2": "",
    "start_fle_15_3": "",
    "start_fle_15_4": "",
    "start_fle_15_5": "",
    "start_fle_16_1": "",
    "start_fle_16_2": "",
    "start_fle_16_3": "",
    "start_fle_16_4": "",
    "start_fle_16_5": "",
    "start_fle_17_1": "",
    "start_fle_17_2": "",
    "start_fle_17_3": "",
    "start_fle_17_4": "",
    "start_fle_17_5": "",
    "start_fle_18_1": "",
    "start_fle_18_2": "",
    "start_fle_18_3": "",
    "start_fle_18_4": "",
    "start_fle_18_5": "",
    "start_fle_19_1": "",
    "start_fle_19_2": "",
    "start_fle_19_3": "",
    "start_fle_19_4": "",
    "start_fle_19_5": "",
    "start_fle_20_1": "",
    "start_fle_20_2": "",
    "start_fle_20_3": "",
    "start_fle_20_4": "",
    "start_fle_20_5": "",
    "start_fle_2_1": "",
    "start_fle_2_2": "",
    "start_fle_2_3": "",
    "start_fle_2_4": "",
    "start_fle_2_5": "",
    "start_fle_3_1": "",
    "start_fle_3_2": "",
    "start_fle_3_3": "",
    "start_fle_3_4": "",
    "start_fle_3_5": "",
    "start_fle_4_1": "",
    "start_fle_4_2": "",
    "start_fle_4_3": "",
    "start_fle_4_4": "",
    "start_fle_4_5": "",
    "start_fle_5_1": "",
    "start_fle_5_2": "",
    "start_fle_5_3": "",
    "start_fle_5_4": "",
    "start_fle_5_5": "",
    "start_fle_6_1": "",
    "start_fle_6_2": "",
    "start_fle_6_3": "",
    "start_fle_6_4": "",
    "start_fle_6_5": "",
    "start_fle_7_1": "",
    "start_fle_7_2": "",
    "start_fle_7_3": "",
    "start_fle_7_4": "",
    "start_fle_7_5": "",
    "start_fle_8_1": "",
    "start_fle_8_2": "",
    "start_fle_8_3": "",
    "start_fle_8_4": "",
    "start_fle_8_5": "",
    "start_fle_9_1": "",
    "start_fle_9_2": "",
    "start_fle_9_3": "",
    "start_fle_9_4": "",
    "start_fle_9_5": "",
    "start_seg_1": "",
    "start_seg_10": "",
    "start_seg_10_1": "",
    "start_seg_10_10": "",
    "start_seg_10_2": "",
    "start_seg_10_3": "",
    "start_seg_10_4": "",
    "start_seg_10_5": "",
    "start_seg_10_6": "",
    "start_seg_10_7": "",
    "start_seg_10_8": "",
    "start_seg_10_9": "",
    "start_seg_1_1": "",
    "start_seg_1_10": "",
    "start_seg_11_1": "",
    "start_seg_11_10": "",
    "start_seg_11_2": "",
    "start_seg_11_3": "",
    "start_seg_11_4": "",
    "start_seg_11_5": "",
    "start_seg_11_6": "",
    "start_seg_11_7": "",
    "start_seg_11_8": "",
    "start_seg_11_9": "",
    "start_seg_1_2": "",
    "start_seg_12_1": "",
    "start_seg_12_10": "",
    "start_seg_12_2": "",
    "start_seg_12_3": "",
    "start_seg_12_4": "",
    "start_seg_12_5": "",
    "start_seg_12_6": "",
    "start_seg_12_7": "",
    "start_seg_12_8": "",
    "start_seg_12_9": "",
    "start_seg_1_3": "",
    "start_seg_13_1": "",
    "start_seg_13_10": "",
    "start_seg_13_2": "",
    "start_seg_13_3": "",
    "start_seg_13_4": "",
    "start_seg_13_5": "",
    "start_seg_13_6": "",
    "start_seg_13_7": "",
    "start_seg_13_8": "",
    "start_seg_13_9": "",
    "start_seg_1_4": "",
    "start_seg_14_1": "",
    "start_seg_14_10": "",
    "start_seg_14_2": "",
    "start_seg_14_3": "",
    "start_seg_14_4": "",
    "start_seg_14_5": "",
    "start_seg_14_6": "",
    "start_seg_14_7": "",
    "start_seg_14_8": "",
    "start_seg_14_9": "",
    "start_seg_1_5": "",
    "start_seg_15_1": "",
    "start_seg_15_10": "",
    "start_seg_15_2": "",
    "start_seg_15_3": "",
    "start_seg_15_4": "",
    "start_seg_15_5": "",
    "start_seg_15_6": "",
    "start_seg_15_7": "",
    "start_seg_15_8": "",
    "start_seg_15_9": "",
    "start_seg_1_6": "",
    "start_seg_16_1": "",
    "start_seg_16_10": "",
    "start_seg_16_2": "",
    "start_seg_16_3": "",
    "start_seg_16_4": "",
    "start_seg_16_5": "",
    "start_seg_16_6": "",
    "start_seg_16_7": "",
    "start_seg_16_8": "",
    "start_seg_16_9": "",
    "start_seg_1_7": "",
    "start_seg_17_1": "",
    "start_seg_17_10": "",
    "start_seg_17_2": "",
    "start_seg_17_3": "",
    "start_seg_17_4": "",
    "start_seg_17_5": "",
    "start_seg_17_6": "",
    "start_seg_17_7": "",
    "start_seg_17_8": "",
    "start_seg_17_9": "",
    "start_seg_1_8": "",
    "start_seg_18_1": "",
    "start_seg_18_10": "",
    "start_seg_18_2": "",
    "start_seg_18_3": "",
    "start_seg_18_4": "",
    "start_seg_18_5": "",
    "start_seg_18_6": "",
    "start_seg_18_7": "",
    "start_seg_18_8": "",
    "start_seg_18_9": "",
    "start_seg_1_9": "",
    "start_seg_19_1": "",
    "start_seg_19_10": "",
    "start_seg_19_2": "",
    "start_seg_19_3": "",
    "start_seg_19_4": "",
    "start_seg_19_5": "",
    "start_seg_19_6": "",
    "start_seg_19_7": "",
    "start_seg_19_8": "",
    "start_seg_19_9": "",
    "start_seg_2": "",
    "start_seg_20_1": "",
    "start_seg_20_10": "",
    "start_seg_20_2": "",
    "start_seg_20_3": "",
    "start_seg_20_4": "",
    "start_seg_20_5": "",
    "start_seg_20_6": "",
    "start_seg_20_7": "",
    "start_seg_20_8": "",
    "start_seg_20_9": "",
    "start_seg_2_1": "",
    "start_seg_2_10": "",
    "start_seg_2_2": "",
    "start_seg_2_3": "",
    "start_seg_2_4": "",
    "start_seg_2_5": "",
    "start_seg_2_6": "",
    "start_seg_2_7": "",
    "start_seg_2_8": "",
    "start_seg_2_9": "",
    "start_seg_3": "",
    "start_seg_3_1": "",
    "start_seg_3_10": "",
    "start_seg_3_2": "",
    "start_seg_3_3": "",
    "start_seg_3_4": "",
    "start_seg_3_5": "",
    "start_seg_3_6": "",
    "start_seg_3_7": "",
    "start_seg_3_8": "",
    "start_seg_3_9": "",
    "start_seg_4": "",
    "start_seg_4_1": "",
    "start_seg_4_10": "",
    "start_seg_4_2": "",
    "start_seg_4_3": "",
    "start_seg_4_4": "",
    "start_seg_4_5": "",
    "start_seg_4_6": "",
    "start_seg_4_7": "",
    "start_seg_4_8": "",
    "start_seg_4_9": "",
    "start_seg_5": "",
    "start_seg_5_1": "",
    "start_seg_5_10": "",
    "start_seg_5_2": "",
    "start_seg_5_3": "",
    "start_seg_5_4": "",
    "start_seg_5_5": "",
    "start_seg_5_6": "",
    "start_seg_5_7": "",
    "start_seg_5_8": "",
    "start_seg_5_9": "",
    "start_seg_6": "",
    "start_seg_7": "",
    "start_seg_7_1": "",
    "start_seg_7_10": "",
    "start_seg_7_2": "",
    "start_seg_7_3": "",
    "start_seg_7_4": "",
    "start_seg_7_5": "",
    "start_seg_7_6": "",
    "start_seg_7_7": "",
    "start_seg_7_8": "",
    "start_seg_7_9": "",
    "start_seg_8": "",
    "start_seg_8_1": "",
    "start_seg_8_10": "",
    "start_seg_8_2": "",
    "start_seg_8_3": "",
    "start_seg_8_4": "",
    "start_seg_8_5": "",
    "start_seg_8_6": "",
    "start_seg_8_7": "",
    "start_seg_8_8": "",
    "start_seg_8_9": "",
    "start_seg_9": "",
    "start_seg_9_1": "",
    "start_seg_9_10": "",
    "start_seg_9_2": "",
    "start_seg_9_3": "",
    "start_seg_9_4": "",
    "start_seg_9_5": "",
    "start_seg_9_6": "",
    "start_seg_9_7": "",
    "start_seg_9_8": "",
    "start_seg_9_9": "",
    "structures_0": 1000,
    "structures_1": 200,
    "surfrest": false,
    "sym_on": false,
    "tadfactor": 8,
    "tadfinal1_t": 500,
    "tadfinal2_t": 50,
    "tadfinal3_t": 50,
    "tadhigh_t": 2000,
    "tadinit1_t": 2000,
    "tadinit2_t": 1000,
    "tadinit3_t": 1000,
    "timestep": 0.002,
    "transwater": true,
    "unamb_cool1": 10,
    "unamb_cool2": 50,
    "unamb_cool3": 50,
    "unamb_firstit": 0,
    "unamb_hot": 10,
    "unamb_lastit": 2,
    "water_analysis": false,
    "watercoolsteps": 500,
    "waterdock": false,
    "waterensemble": 1,
    "waterheatsteps": 100,
    "water_randfrac": 0.0,
    "waterrefine": 200,
    "water_restraint_cutoff": 5.0,
    "water_restraint_initial": 5.0,
    "water_restraint_scale": 25.0,
    "watersteps": 1250,
    "water_surfcutoff": 8.0,
    "water_tokeep": 0.50,
    "w_bsa_0": -0.01,
    "w_bsa_1": -0.01,
    "w_bsa_2": 0.0,
    "w_cdih_0": 0.0,
    "w_cdih_1": 0.0,
    "w_cdih_2": 0.0,
    "w_dani_0": 0.01,
    "w_dani_1": 0.1,
    "w_dani_2": 0.1,
    "w_deint_0": 0.0,
    "w_deint_1": 0.0,
    "w_deint_2": 0.0,
    "w_desolv_0": 1.0,
    "w_desolv_1": 1.0,
    "w_desolv_2": 1.0,
    "w_dist_0": 0.01,
    "w_dist_1": 0.1,
    "w_dist_2": 0.1,
    "w_elec_0": 1.0,
    "w_elec_1": 1.0,
    "w_elec_2": 0.2,
    "w_lcc_0": -400.0,
    "w_lcc_1": -10000.0,
    "w_lcc_2": -10000.0,
    "w_rg_0": 0.1,
    "w_rg_1": 1.0,
    "w_rg_2": 1.0,
    "w_sani_0": 0.1,
    "w_sani_1": 0.1,
    "w_sani_2": 0.1,
    "w_sym_0": 0.1,
    "w_sym_1": 0.1,
    "w_sym_2": 0.1,
    "w_vdw_0": 0.01,
    "w_vdw_1": 1.0,
    "w_vdw_2": 1.0,
    "w_vean_0": 0.1,
    "w_vean_1": 0.1,
    "w_vean_2": 0.1,
    "w_xpcs_0": 0.1,
    "w_xpcs_1": 0.1,
    "w_xpcs_2": 0.1,
    "w_xrdc_0": 0.1,
    "w_xrdc_1": 0.1,
    "w_xrdc_2": 0.1,
    "w_zres_0": 0.1,
    "w_zres_1": 0.1,
    "w_zres_2": 0.1,
    "xcom_10": 0.0,
    "xcom_11": 0.0,
    "xcom_1": 12.3,
    "xcom_12": 0.0,
    "xcom_13": 0.0,
    "xcom_14": 0.0,
    "xcom_15": 0.0,
    "xcom_16": 0.0,
    "xcom_17": 0.0,
    "xcom_18": 0.0,
    "xcom_19": 0.0,
    "xcom_20": 0.0,
    "xcom_2": 12.7,
    "xcom_3": 0.0,
    "xcom_4": 0.0,
    "xcom_5": 0.0,
    "xcom_6": 0.0,
    "xcom_7": 0.0,
    "xcom_8": 0.0,
    "xcom_9": 0.0,
    "xlength": 80.0,
    "ycom_10": 0.0,
    "ycom_1": 0.8,
    "ycom_11": 0.0,
    "ycom_12": 0.0,
    "ycom_13": 0.0,
    "ycom_14": 0.0,
    "ycom_15": 0.0,
    "ycom_16": 0.0,
    "ycom_17": 0.0,
    "ycom_18": 0.0,
    "ycom_19": 0.0,
    "ycom_20": 0.0,
    "ycom_2": -3.4,
    "ycom_3": 0.0,
    "ycom_4": 0.0,
    "ycom_5": 0.0,
    "ycom_6": 0.0,
    "ycom_7": 0.0,
    "ycom_8": 0.0,
    "ycom_9": 0.0,
    "ylength": 80.0,
    "zcom_10": 0.0,
    "zcom_11": 0.0,
    "zcom_12": 0.0,
    "zcom_13": 0.0,
    "zcom_14": 0.0,
    "zcom_15": 0.0,
    "zcom_16": 0.0,
    "zcom_17": 0.0,
    "zcom_18": 0.0,
    "zcom_19": 0.0,
    "zcom_1": 9.2,
    "zcom_20": 0.0,
    "zcom_2": 29.7,
    "zcom_3": 0.0,
    "zcom_4": 0.0,
    "zcom_5": 0.0,
    "zcom_6": 0.0,
    "zcom_7": 0.0,
    "zcom_8": 0.0,
    "zcom_9": 0.0,
    "zlength": 80.0,
    "zres_end_1": "",
    "zres_end_10": "",
    "zres_end_2": "",
    "zres_end_3": "",
    "zres_end_4": "",
    "zres_end_5": "",
    "zres_end_6": "",
    "zres_end_7": "",
    "zres_end_8": "",
    "zres_end_9": "",
    "zresmax": 0.0,
    "zresmin": 0.0,
    "zres_on": false,
    "zres_seg_1": "",
    "zres_seg_10": "",
    "zres_seg_2": "",
    "zres_seg_3": "",
    "zres_seg_4": "",
    "zres_seg_5": "",
    "zres_seg_6": "",
    "zres_seg_7": "",
    "zres_seg_8": "",
    "zres_seg_9": "",
    "zres_sta_1": "",
    "zres_sta_10": "",
    "zres_sta_2": "",
    "zres_sta_3": "",
    "zres_sta_4": "",
    "zres_sta_5": "",
    "zres_sta_6": "",
    "zres_sta_7": "",
    "zres_sta_8": "",
    "zres_sta_9": "",
    "zres_type_1": "",
    "zres_type_10": "",
    "zres_type_2": "",
    "zres_type_3": "",
    "zres_type_4": "",
    "zres_type_5": "",
    "zres_type_6": "",
    "zres_type_7": "",
    "zres_type_8": "",
    "zres_type_9": "",
    "air_scaling": false,
    "tot_unamb": 25,
    "tot_amb": 0,
    "mrswi_hot": 0.5,
    "mrswi_cool1": 0.5,
    "mrswi_cool2": 0.5,
    "mrswi_cool3": 0.5,
    "rswi_hot": 0.5,
    "rswi_cool1": 0.5,
    "rswi_cool2": 0.5,
    "rswi_cool3": 0.5,
    "masy_hot": -1.0,
    "masy_cool1": -1.0,
    "masy_cool2": -0.1,
    "masy_cool3": -0.1,
    "asy_hot": 1.0,
    "asy_cool1": 1.0,
    "asy_cool2": 0.1,
    "asy_cool3": 0.1,
    "delenph": true,
    "dihedflag": true
  }
}