{
  "params": {
    "autohis": true,
    "delenph": true,
    "randorien": true,
    "log_level": "verbose"
  },
  "input": {
    "mol1": {
      "prot_segid": "A",
      "fix_origin": false,
      "dna": false,
      "shape": false,
      "cg": false,
      "cyclicpept": false
    },
    "mol2": {
      "prot_segid": "B",
      "fix_origin": false,
      "dna": false,
      "shape": false,
      "cg": false,
      "cyclicpept": false
    },
    "mol3": {
      "prot_segid": "C",
      "fix_origin": false,
      "dna": false,
      "shape": false,
      "cg": false,
      "cyclicpept": false
    },
    "mol4": {
      "prot_segid": "D",
      "fix_origin": false,
      "dna": false,
      "shape": false,
      "cg": false,
      "cyclicpept": false
    },
    "mol5": {
      "prot_segid": "E",
      "fix_origin": false,
      "dna": false,
      "shape": false,
      "cg": false,
      "cyclicpept": false
    },
    "mol6": {
      "prot_segid": "F",
      "fix_origin": false,
      "dna": false,
      "shape": false,
      "cg": false,
      "cyclicpept": false
    }
  }
}