{"params": {
  "noecv": false,
  "dihed": false,
  "noe": true,
  "cdih": false,
  "sani": false,
  "vean": false,
  "xrdc": false,
  "dani": false,
  "xpcs": false,
  "harm": false,
  "zres": false,
  "rg": false,
  "em": false,
  "sym": false,
  "ncs": false,
  "log_level": "verbose",
  "autohis": true,
  "delenph": true,
  "dielec": "cdie",
  "epsilon1":  1,
  "waterdock": false,
  "keepwater": false,
  "auto_break": true,
  "break_cutoff": 2.5,
  "hydrogen_build": "all",
  "disulphide_dist": 3,
  "delnph": true
  }
}